{
  "INVALID_TOKEN": {
    "en": "Token is not valid!"
  },
  "NO_TOKEN_SUPPLIED": {
    "en": "Auth token is not supplied."
  },
  "INVALID_CREDENTIALS": {
    "en": "Invalid Credentials!"
  },
  "ACCOUNT_DISABLED": {
    "en": "This user account has been disabled."
  },
  "LOGGED_IN": {
    "en": "User has been logged in successfully."
  },
  "INVALID_PASSWORD": {
    "en": "The password is invalid!"
  },
  "INVALID_EMAIL_PASSWORD": {
    "en": "You have entered an invalid email or password."
  },
  "VALIDATION_ERROR": {
    "en": "Validation has failed!"
  },
  "USER_EXISTS": {
    "en": "A user exists with same Username or Email Address."
  },
  "USER_ADDED": {
    "en": "The User has been Registered."
  },
  "USERS_FETCHED": {
    "en": "The Users have been Fetched."
  },
  "USERS_NOT_AVAILABLE": {
    "en": "The Users are not Available."
  },
  "USER_FETCHED": {
    "en": "The user has been fetched."
  },
  "USER_NOT_AVAILABLE": {
    "en": "This user does not exist!"
  },
  "UNKNOWN_ERROR": {
    "en": "An unknown error has occurred! Please try again."
  },
  "PASSWORD_NOT_MATCHED": {
    "en": "New Password and Confirm Password donn't match!"
  },
  "PASSWORD_CHANGED": {
    "en": "Password has been changed. You can login with your existing email and updated password."
  },
  "PASSWORD_CHANGE_ERROR": {
    "en": "An error occurred on password change!"
  },
  "INVALID_OLD_PASSWORD": {
    "en": "The current password you have entered is wrong!"
  },
  "STATUS_UPDATED": {
    "en": "Status has been updated successfully."
  },
  "STATUS_UPDATE_ERROR": {
    "en": "An error has occurred while updating status!"
  },
  "INVALID_STATUS": {
    "en": "Invalid Status!"
  },
  "PROFILE_UPDATED": {
    "en": "Profile has been updated successfully."
  },
  "PROFILE_UPDATE_ERROR": {
    "en": "An error occurred on profile update."
  },
  "OTP_SENT": {
    "en": "OTP has been sent to your Email ID."
  },
  "INVALID_OTP": {
    "en": "Invalid OTP, Please try again!"
  },
  "OTP_EXPIRED": {
    "en": "OTP has been expired!"
  },
  "OTP_VERIFIED": {
    "en": "OTP has been verified."
  },
  "EMAIL_UPDATED": {
    "en": "Email has been updated successfully."
  },
  "EMAIL_UPDATE_ERROR": {
    "en": "An error has occurred on email update!"
  },
  "LOGOUT_SUCCESS": {
    "en": "Logged out successfully."
  },
  "INVALID_MEASUREMENT": {
    "en": "Please enter a valid measurement unit."
  },
  "DATA_NOT_FOUND": {
    "en": "No data found!"
  },
  "DATA_FOUND": {
    "en": "Data found!"
  },
  "WORKOUT_UPLOADED": {
    "en": "Workout uploaded successfully"
  },
  "PROFILE_IMAGE_REQUIRED": {
    "en": "Profile picture is required!"
  },
  "WORKOUT_FOUND": {
    "en": "Workouts have been Fetched."
  },
  "WORKOUT_NOT_FOUND": {
    "en": "Workout not found!."
  },
  "INSTRUCTOR_FOUND": {
    "en": "Instructor found successfully."
  },
  "INSTRUCTOR_NOT_FOUND": {
    "en": "No instructor found!"
  },
  "RECOMMENDATION_ADDED": {
    "en": "Recommendation Added successfully."
  },
  "RECOMMENDATION_UPDATED": {
    "en": "Recommendation has been updated successfully."
  },
  "RECOMMENDATION_EXISTS": {
    "en": "A recommendation on this date is already added please choose another date."
  },
  "WORKOUT_UPDATED": {
    "en": "The workout video has been updated successfully."
  },
  "WORKOUT_UPLOADING": {
    "en": "Workout uploading has started please refresh after some time to see the workout."
  },
  "WORKOUT_UPDATE_ERROR": {
    "en": "An error has occurred while updating workout!"
  },
  "FAQS_FOUND": {
    "en": "Faqs found successfully."
  },
  "REPORT_FOUND": {
    "en": "Report found successfully."
  },
  "QUERY_ADDED": {
    "en": "Issue posted successfully."
  },
  "FAQ_ADDED": {
    "en": "FAQ added successfully."
  },
  "FAQ_DELETED": {
    "en": "The FAQ has been deleted successfully."
  },
  "VIDEO_DELETED": {
    "en": "The video has been deleted successfully."
  },
  "DELETE_ERROR": {
    "en": "An error has occurred while the deleting video!"
  },
  "UUIDS_REQUIRED": {
    "en": "Videos UUIDs are required to delete the videos!"
  },
  "UUIDs_REQUIRED_TO_FEATURE": {
    "en": "Video's UUID is required to mark a video, featured or un-featured!"
  },
  "VIDEO_FEATURED": {
    "en": "Video has been Featured Successfully."
  },
  "VIDEO_UNFEATURED": {
    "en": "Video has been un-featured Successfully."
  },
  "FEATURE_ERROR": {
    "en": "An error has occurred while mark video featured/un-featured!"
  },
  "RECOMMENDATION_FOUND": {
    "en": "Recommendation found successfully."
  },
  "FAQ_FOUND": {
    "en": "FAQ found successfully."
  },
  "FAQ_UPDATED": {
    "en": "FAQ  has been updated successfully"
  },
  "FAQ_UPDATE_ERROR": {
    "en": "An error has occurred while updating FAQ!"
  },
  "RECOMMENDATION_PUBLISHED": {
    "en": "Recommendation has been Published successfully."
  },
  "RECOMMENDATION_UNPUBLISHED": {
    "en": "Recommendation has been Unpublished successfully."
  },
  "QUERY_DELETED": {
    "en": "Query has been deleted successfully."
  },
  "QUERY_DELETE_ERROR": {
    "en": "An error has occurred while deleting query!"
  },
  "ISSUE_RESOLVED": {
    "en": "Query has been updated successfully."
  },
  "ISSUE_RESOLVED_ERROR": {
    "en": "An error has occurred while marking Issue resolved/unresolved!"
  },
  "RECOMMENDATION_DELETED": {
    "en": "The recommendation has been deleted successfully."
  },
  "RECOMMENDATION_DELETE_ERROR": {
    "en": "An error has occurred while the deleting recommendation!"
  },
  "RECOMMENDATION_NOT_FOUND": {
    "en": "Recommendation not found!"
  },
  "VIDEO_DISABLED": {
    "en": "This recommendation's workout has been disabled!"
  },
  "VIDEO_UNSAVED": {
    "en": "Workout has been unsaved successfully."
  },
  "VIDEO_SAVED": {
    "en": "Workout has been saved successfully."
  },
  "QUERIES_FOUND": {
    "en": "Queries found successfully."
  },
  "WORKOUT_PLAN_ADDED": {
    "en": "Workout plan has been added successfully."
  },
  "INVALID_INPUT": {
    "en": "Please enter valid inputs."
  },
  "PLANS_FETCHED": {
    "en": "Plans found successfully."
  },
  "PLANS_NOT_FOUND": {
    "en": "Plans not found!"
  },
  "WORKOUT_PLAN_UPDATED": {
    "en": "Workout plan has been updated successfully."
  },
  "PLAN_FETCHED": {
    "en": "Plan found successfully."
  },
  "PLAN_NOT_FOUND": {
    "en": "Plan not found!"
  },
  "INVALID_SOCIAL_LOGIN": {
    "en": "Social login token is invalid"
  },
  "DELETED_VIDEO": {
    "en": "This Video has been Deleted by Admin or not exist!"
  },
  "PLAN_DELETED": {
    "en": "The plan has been deleted successfully."
  },
  "PLAN_DELETE_ERROR": {
    "en": "An error has occurred while the deleting plan!"
  },
  "WORKOUT_SCHEDULED": {
    "en": "Workout has been scheduled successfully."
  },
  "DELETED_PLAN": {
    "en": "This Plan has been Deleted by Admin or not exist!"
  },
  "PLAN_UNSAVED": {
    "en": "Plan has been unsaved successfully."
  },
  "PLAN_SAVED": {
    "en": "Plan has been saved successfully."
  },
  "WORKOUT_MARK_COMPLETED": {
    "en": "Workout has been mark completed successfully."
  },
  "BEST_TIME_SAVED": {
    "en": "User's Best time has been saved successfully."
  },
  "USER_TROPHIES_FOUND": {
    "en": "Trophies data found successfully."
  },
  "CANNOT_PUBLISH_PLAN_WITHOUT_WORKOUTS": {
    "en": "Workout plan with 0 workouts cannot be published"
  },
  "VIDEO_TOO_LARGE": {
    "en": "Video size is too large cannot upload video more than 1 GB"
  },
  "PRIVACY_POLICY_FOUND": {
    "en": "Privacy policy found successfully"
  }
}
